{"SC": {"media": 649.5376527422563, "moda": 850.0, "mediana": 653.0, "desvio_padrao": 97.233492793433}, "RS": {"media": 651.1051428571428, "moda": 850.0, "mediana": 650.0, "desvio_padrao": 95.13659841383574}, "PR": {"media": 648.9612940496822, "moda": 850.0, "mediana": 650.0, "desvio_padrao": 98.60718591309758}}